file,split,before_s,after_s,relative_35db_after_s,start_s,end_s,first_frame,last_frame,method,status,noise_start_db,noise_end_db,threshold_db,low_threshold_db
khong/khong_01.wav,train,1.6675,1.125,1.6675,0.47,1.595,67,137,adaptive,trimmed,-11.67646627533343,-5.288079068959983,-0.4603946337687148,-5.460394633768715
khong/khong_02.wav,train,1.9,1.365,1.9,0.08,1.445,28,122,adaptive,trimmed,-5.643606287371636,-6.538697835130459,1.9061997389035126,-3.0938002610964874
khong/khong_03.wav,train,2.056625,1.265,2.056625,0.31,1.575,51,135,adaptive,trimmed,-9.696358799104418,-4.501952372596602,0.914883350437349,-4.085116649562651
mot/mot_01.wav,train,1.84425,0.745,1.84425,0.62,1.365,82,114,adaptive,trimmed,-8.19010867016294,-9.495470424194174,-0.8447855131633144,-5.844785513163314
mot/mot_02.wav,train,1.7499375,0.755,1.7499375,0.45,1.205,65,98,adaptive,trimmed,-8.053832776940835,-4.7459306714404255,1.6108582177103452,-3.389141782289655
mot/mot_03.wav,train,1.8520625,0.955,1.8520625,0.45,1.405,65,118,adaptive,trimmed,-5.632139404251167,-10.218421559509173,0.06073695057331152,-4.939263049426689
hai/hai_01.wav,train,2.1544375,1.015,2.1544375,0.82,1.835,102,161,adaptive,trimmed,-7.8569100949872865,-7.9344407757336395,0.10422491080824337,-4.895775089191757
hai/hai_02.wav,train,1.7380625,0.955,1.7380625,0.45,1.405,65,118,adaptive,trimmed,-9.736895069473691,-8.584928129290414,-1.1571470015383163,-6.157147001538316
hai/hai_03.wav,train,2.047,0.925,2.047,0.61,1.535,81,131,adaptive,trimmed,-5.548525824789296,-7.837265864110199,1.3008847532694894,-3.6991152467305106
ba/ba_01.wav,train,2.4,0.955,2.4,0.98,1.935,118,171,adaptive,trimmed,-10.097313253642215,-5.704407976991915,0.10916884878487565,-4.890831151215124
ba/ba_02.wav,train,1.73275,0.885,1.73275,0.56,1.445,76,122,adaptive,trimmed,-4.066805808775332,-2.0601568677143525,4.939808250183127,-0.06019174981687292
ba/ba_03.wav,train,1.8233125,1.015,1.8233125,0.35,1.365,55,114,adaptive,trimmed,-9.018270745922338,-3.816493850749607,1.5906699878794655,-3.4093300121205345
bon/bon_01.wav,train,1.9218125,0.855,1.9218125,0.64,1.495,84,127,adaptive,trimmed,-12.08385269364172,-1.112094229426025,1.4341077035661733,-3.5658922964338267
bon/bon_02.wav,train,2.032625,1.395,2.032625,0.15,1.545,35,132,adaptive,trimmed,-7.866411990469343,-10.555114047428791,-1.2144461724517512,-6.214446172451751
bon/bon_03.wav,train,2.2998125,1.7098125,2.2998125,0.59,2.2998125,79,210,adaptive,trimmed,-7.385264587196652,-4.631347529108103,1.9982822601684092,-3.001717739831591
khong/khong_04.wav,test,1.786,0.955,1.786,0.4,1.355,60,113,adaptive,trimmed,-7.818296191025167,-9.11035193343785,-0.46841284622648516,-5.468412846226485
khong/khong_05.wav,test,2.4,0.975,2.4,0.55,1.525,75,130,adaptive,trimmed,-9.471182903158798,-5.724372537357452,0.41077664130763125,-4.589223358692369
mot/mot_04.wav,test,1.7235,0.725,1.7235,0.5,1.225,70,100,adaptive,trimmed,-6.904455727271519,-5.8342744150832875,1.6324009045852836,-3.3675990954147164
mot/mot_05.wav,test,1.9756875,0.795,1.9756875,0.62,1.415,82,119,adaptive,trimmed,-8.68935272648576,-10.16113511090637,-1.4294014960531847,-6.429401496053185
hai/hai_04.wav,test,2.0289375,1.225,2.0289375,0.52,1.745,72,152,adaptive,trimmed,-9.702720385630235,-5.33688170212867,0.49219301843785956,-4.50780698156214
hai/hai_05.wav,test,2.369625,0.975,2.369625,0.83,1.805,103,158,adaptive,trimmed,-1.0141002315551202,-6.638036649852667,4.160913187957455,-0.8390868120425452
ba/ba_04.wav,test,2.14275,1.205,2.14275,0.41,1.615,61,139,adaptive,trimmed,-6.879833924734525,-7.3449214114061165,0.8870214437040049,-4.112978556295995
ba/ba_05.wav,test,1.8995,1.005,1.8995,0.34,1.345,54,112,adaptive,trimmed,-5.7379311141101885,-4.95109801854944,2.657813342236933,-2.342186657763067
bon/bon_04.wav,test,1.8696875,1.075,1.8696875,0.24,1.315,44,109,adaptive,trimmed,-0.7857527660856503,-2.3668892800624945,6.41891651754648,1.4189165175464793
bon/bon_05.wav,test,2.0,0.805,2.0,0.49,1.295,69,107,adaptive,trimmed,-0.8993547702380036,-3.8808866188450786,5.601551004205367,0.6015510042053669
