experiment,data_source,file,true_label,predicted_label,correct,top1_label,top1_score,top2_label,top2_score,top3_label,top3_score
baseline,phone_recordings,khong/khong_04.wav,khong,khong,True,khong,4.858885656665763,bon,5.828504076490192,mot,5.90475423545414
baseline,phone_recordings,khong/khong_05.wav,khong,khong,True,khong,5.229068668176066,bon,6.431817169419922,mot,6.650536314288156
baseline,phone_recordings,mot/mot_04.wav,mot,bon,False,bon,4.893333389637045,mot,5.213654520044418,khong,6.3698304511535575
baseline,phone_recordings,mot/mot_05.wav,mot,bon,False,bon,4.82745594854709,mot,5.478917029690347,khong,7.049902402674609
baseline,phone_recordings,hai/hai_04.wav,hai,hai,True,hai,4.9286242961243625,ba,5.735822508295521,bon,6.707861398135631
baseline,phone_recordings,hai/hai_05.wav,hai,hai,True,hai,5.495505216864901,ba,6.681879955680331,bon,7.965620729996164
baseline,phone_recordings,ba/ba_04.wav,ba,ba,True,ba,4.96478389925043,hai,5.89045046102293,mot,6.423371474237145
baseline,phone_recordings,ba/ba_05.wav,ba,ba,True,ba,5.376698738569048,hai,6.904273588812911,bon,7.349912379116854
baseline,phone_recordings,bon/bon_04.wav,bon,bon,True,bon,5.231333820432124,mot,5.4003471409815464,hai,7.475753839418629
baseline,phone_recordings,bon/bon_05.wav,bon,bon,True,bon,5.751116608162556,mot,6.696132462003736,khong,7.385539975288819
E1_no_endpoint,phone_recordings,khong/khong_04.wav,khong,mot,False,mot,4.952848126573018,khong,5.026496199543506,hai,5.7011589118400225
E1_no_endpoint,phone_recordings,khong/khong_05.wav,khong,khong,True,khong,5.008626647575284,hai,5.7371362726604955,ba,5.978009665291004
E1_no_endpoint,phone_recordings,mot/mot_04.wav,mot,mot,True,mot,5.297744605935798,bon,5.536676662369958,hai,5.6011423458666165
E1_no_endpoint,phone_recordings,mot/mot_05.wav,mot,bon,False,bon,5.657597903920864,mot,5.802012711785969,hai,6.531637579048077
E1_no_endpoint,phone_recordings,hai/hai_04.wav,hai,hai,True,hai,5.304752082808013,ba,5.668864206608051,khong,6.659943343799148
E1_no_endpoint,phone_recordings,hai/hai_05.wav,hai,hai,True,hai,5.309908636013828,ba,5.867052762686949,mot,6.869802369091935
E1_no_endpoint,phone_recordings,ba/ba_04.wav,ba,ba,True,ba,4.741707014474614,hai,5.941474505096322,mot,6.392340508538803
E1_no_endpoint,phone_recordings,ba/ba_05.wav,ba,ba,True,ba,5.394487131607977,hai,6.266365710528821,khong,6.526412029050081
E1_no_endpoint,phone_recordings,bon/bon_04.wav,bon,bon,True,bon,4.815780714522123,mot,5.1765364321789855,hai,5.9772324605223455
E1_no_endpoint,phone_recordings,bon/bon_05.wav,bon,mot,False,mot,6.168541877083077,bon,6.520636060916587,khong,6.724215556022691
E2_mfcc_delta,phone_recordings,khong/khong_04.wav,khong,khong,True,khong,4.933224801135735,bon,5.980940488082058,mot,6.12223816006742
E2_mfcc_delta,phone_recordings,khong/khong_05.wav,khong,khong,True,khong,5.311450786834881,bon,6.622628558074533,hai,6.792159269614567
E2_mfcc_delta,phone_recordings,mot/mot_04.wav,mot,bon,False,bon,4.969900039072615,mot,5.294007417286785,hai,6.454343510724631
E2_mfcc_delta,phone_recordings,mot/mot_05.wav,mot,bon,False,bon,5.008624293198977,mot,5.558268517563861,ba,7.258681310021067
E2_mfcc_delta,phone_recordings,hai/hai_04.wav,hai,hai,True,hai,4.991011820877757,ba,5.851406301679385,bon,6.832161037345759
E2_mfcc_delta,phone_recordings,hai/hai_05.wav,hai,hai,True,hai,5.591770748247664,ba,6.783824345580823,bon,8.139502350430735
E2_mfcc_delta,phone_recordings,ba/ba_04.wav,ba,ba,True,ba,5.049785473170246,hai,6.013416984634848,mot,6.548422659486951
E2_mfcc_delta,phone_recordings,ba/ba_05.wav,ba,ba,True,ba,5.492730580851018,hai,7.155669804595102,bon,7.437302892103352
E2_mfcc_delta,phone_recordings,bon/bon_04.wav,bon,bon,True,bon,5.3229378397669675,mot,5.496524742155294,hai,7.5688745528564345
E2_mfcc_delta,phone_recordings,bon/bon_05.wav,bon,bon,True,bon,5.880007264461446,mot,6.782582311068085,khong,7.573215244614195
